{
  "generated_at": "2026-05-05T15:54:59",
  "model_path": "model.pkl",
  "algorithm": "StandardScaler + calibrated RandomForestClassifier",
  "data_source": "NSL-KDD + synthetic calibration traffic",
  "features": [
    "length",
    "proto",
    "ttl",
    "dport",
    "sport",
    "tcp_flags",
    "payload_size"
  ],
  "samples_total": 131973,
  "samples_train": 105578,
  "samples_test": 26395,
  "accuracy": 0.9668497821557113,
  "precision": 0.9436652460286711,
  "recall": 0.987992860619828,
  "f1": 0.9653204391423249,
  "cv_f1_mean": 0.965395395947503,
  "cv_f1_std": 0.0007018689213428468,
  "avg_attack_probability": 0.46708575044928635,
  "classification_report": {
    "Normal": {
      "precision": 0.9890289103039288,
      "recall": 0.9483261070438553,
      "f1-score": 0.968249936499873,
      "support": 14069.0
    },
    "Attack": {
      "precision": 0.9436652460286711,
      "recall": 0.987992860619828,
      "f1-score": 0.9653204391423249,
      "support": 12326.0
    },
    "accuracy": 0.9668497821557113,
    "macro avg": {
      "precision": 0.9663470781662999,
      "recall": 0.9681594838318417,
      "f1-score": 0.9667851878210989,
      "support": 26395.0
    },
    "weighted avg": {
      "precision": 0.9678448782578282,
      "recall": 0.9668497821557113,
      "f1-score": 0.9668819128427737,
      "support": 26395.0
    }
  },
  "confusion_matrix": [
    [
      13342,
      727
    ],
    [
      148,
      12178
    ]
  ]
}